{
  "r2_score": 0.6117031920567852,
  "mean_absolute_error": 6940042.014584197,
  "mean_squared_error": 192538981118093.9,
  "root_mean_squared_error": 13875841.636387102
}